commit	combined_score	sharpe	mape	win_rate	n_trades	status	description
0c121c1	-0.606064	-1.517469	0.238957	0.421359	515	keep	baseline flat vol + simple IV/RV
ef29a4c	-0.511292	-1.517469	0.002026	0.421359	515	keep	IRLS vol surface fit (MAPE 24% -> 0.2%)
f7a5e5d	1.416742	1.695920	0.002026	0.909091	11	keep	longs only IV/RV>1.85 + 5d momentum (Sharpe 1.70)
-	1.180459	1.302115	0.002026	0.0	7	discard	IV/RV threshold 1.87
-	1.296209	1.495032	0.002026	0.846154	13	discard	IV/RV threshold 1.83
dffc16b	1.514619	1.859049	0.002026	0.846154	13	keep	ret_5d threshold -0.015 (Sharpe 1.86, 13 trades)
